Qty,Line Item,Manufacturer,MPN,Octopart URL,Schematic Reference,Internal Part Number,Description,Lifecycle Status,Lead Time,RoHS,Total Qty (@ Batch Size: 1),SKU,SKU,SKU,SKU,SKU,SKU,SKU,SKU,SKU,SKU,SKU,SKU,SKU,SKU,SKU,Packaging,Packaging,Packaging,Packaging,Packaging,Packaging,Packaging,Packaging,Packaging,Packaging,Packaging,Packaging,Packaging,Packaging,Packaging,Unit Price (@ Batch Size: 1),Unit Price (@ Batch Size: 1),Unit Price (@ Batch Size: 1),Unit Price (@ Batch Size: 1),Unit Price (@ Batch Size: 1),Unit Price (@ Batch Size: 1),Unit Price (@ Batch Size: 1),Unit Price (@ Batch Size: 1),Unit Price (@ Batch Size: 1),Unit Price (@ Batch Size: 1),Unit Price (@ Batch Size: 1),Unit Price (@ Batch Size: 1),Unit Price (@ Batch Size: 1),Unit Price (@ Batch Size: 1),Unit Price (@ Batch Size: 1),In Stock,In Stock,In Stock,In Stock,In Stock,In Stock,In Stock,In Stock,In Stock,In Stock,In Stock,In Stock,In Stock,In Stock,In Stock,MOQ,MOQ,MOQ,MOQ,MOQ,MOQ,MOQ,MOQ,MOQ,MOQ,MOQ,MOQ,MOQ,MOQ,MOQ,URL,URL,URL,URL,URL,URL,URL,URL,URL,URL,URL,URL,URL,URL,URL,Distributor [Lowest Price (Overall)],SKU [Lowest Price (Overall)],Packaging [Lowest Price (Overall)],Unit Price (@ Batch Size: 1) [Lowest Price (Overall)],Line Total [Lowest Price (Overall)],Batch Total [Lowest Price (Overall)],In Stock [Lowest Price (Overall)],MOQ [Lowest Price (Overall)],URL [Lowest Price (Overall)],Notes
,,,,,,,,,,,,Digi-Key,Avnet,Avnet Europe,element14 APAC,Farnell,Future Electronics,LCSC,Mouser,NAC Semi,Newark,RS Components,Rutronik,TME,TTI,Verical,Digi-Key,Avnet,Avnet Europe,element14 APAC,Farnell,Future Electronics,LCSC,Mouser,NAC Semi,Newark,RS Components,Rutronik,TME,TTI,Verical,Digi-Key,Avnet,Avnet Europe,element14 APAC,Farnell,Future Electronics,LCSC,Mouser,NAC Semi,Newark,RS Components,Rutronik,TME,TTI,Verical,Digi-Key,Avnet,Avnet Europe,element14 APAC,Farnell,Future Electronics,LCSC,Mouser,NAC Semi,Newark,RS Components,Rutronik,TME,TTI,Verical,Digi-Key,Avnet,Avnet Europe,element14 APAC,Farnell,Future Electronics,LCSC,Mouser,NAC Semi,Newark,RS Components,Rutronik,TME,TTI,Verical,Digi-Key,Avnet,Avnet Europe,element14 APAC,Farnell,Future Electronics,LCSC,Mouser,NAC Semi,Newark,RS Components,Rutronik,TME,TTI,Verical,,,,,,,,,,
1,CC0603MRX7R5BB475,Yageo,CC0603MRX7R5BB475,https://octopart.com/cc0603mrx7r5bb475-yageo-81932638,,,Capacitor 4.7uF 0603,,24w,Non-Compliant,1,311-3496-1-ND,CC0603MRX7R5BB475,,,,8124258,,603-CC0603MRX75BB475,CC0603MRX7R5BB475,,,,,,,Cut Tape,,,,,Tape & Reel,,Tape & Reel,,,,,,,,0.48,,,,,,,0.54,,,,,,,,1730,0,,,,8000,,23305,8000,,,,,,,1,20000,,,,4000,,1,4000,,,,,,,https://octopart.com/click/track?country=AR&ct=offers&ppid=81932638&sid=459&sig=0f1b35c&vpid=421485807&ai4=706,https://octopart.com/click/track?c=1&country=AR&ct=offers&ppid=81932638&sid=5822&sig=03aff2b&vpid=600284405&ai4=706,,,,https://octopart.com/click/track?country=AR&ct=offers&ppid=81932638&sid=2454&sig=004e910&vpid=657080705&ai4=706,,https://octopart.com/click/track?country=AR&ct=offers&ppid=81932638&sid=2401&sig=064f315&vpid=459006644&ai4=706,https://octopart.com/click/track?country=AR&ct=offers&ppid=81932638&sid=11310&sig=0522977&vpid=644938917&ai4=706,,,,,,,Digi-Key,311-3496-1-ND,Cut Tape,0.48,0.48,0.48,1730,1,https://octopart.com/click/track?country=AR&ct=offers&ppid=81932638&sid=459&sig=0f1b35c&vpid=421485807&ai4=706,
2,GRM0335C1H200JA01D,Murata,GRM0335C1H200JA01D,https://octopart.com/grm0335c1h200ja01d-murata-24611615,,,Capacitor 20pF 0603,Production (Last Updated: 2 weeks ago),29w,Compliant,2,490-11315-1-ND,GRM0335C1H200JA01D,GRM0335C1H200JA01D,2990637,2990637,7087198,C76923,81-GRM0335C1H200JA1D,,94AC8947,,,,GRM0335C1H200JA01D,GRM0335C1H200JA01D,Cut Tape,,,Cut Tape,Cut Tape,Tape & Reel,,Tape & Reel,,Cut Tape,,,,,,0.1,,,,,,,0.1,,,,,,,,11430,0,0,1009,2318,0,206100,5707,,1009,,,,75000,13125,1,75000,15000,10,10,15000,100,1,,10,,,,15000,3847,https://octopart.com/click/track?country=AR&ct=offers&ppid=24611615&sid=459&sig=0373554&vpid=216078288&ai4=706,https://octopart.com/click/track?c=1&country=AR&ct=offers&ppid=24611615&sid=5822&sig=0fe60c1&vpid=55559759&ai4=706,https://octopart.com/click/track?c=1&country=AR&ct=offers&ppid=24611615&sid=15544&sig=00b9d14&vpid=179878004&ai4=706,https://octopart.com/click/track?country=AR&ct=offers&ppid=24611615&sid=11744&sig=037d362&vpid=528084428&ai4=706,https://octopart.com/click/track?country=AR&ct=offers&ppid=24611615&sid=819&sig=088b14f&vpid=528007169&ai4=706,https://octopart.com/click/track?c=1&country=AR&ct=offers&ppid=24611615&sid=2454&sig=0a2413f&vpid=423693313&ai4=706,https://octopart.com/click/track?country=AR&ct=offers&ppid=24611615&sid=27971&sig=05740c1&vpid=445986815&ai4=706,https://octopart.com/click/track?country=AR&ct=offers&ppid=24611615&sid=2401&sig=0c97dd7&vpid=87465657&ai4=706,,https://octopart.com/click/track?country=AR&ct=offers&ppid=24611615&sid=2402&sig=04bfc35&vpid=529126491&ai4=706,,,,https://octopart.com/click/track?country=AR&ct=offers&ppid=24611615&sid=950&sig=033056b&vpid=99295684&ai4=706,https://octopart.com/click/track?country=AR&ct=offers&ppid=24611615&sid=5489&sig=094ad82&vpid=611504532&ai4=706,Arrow Electronics,GRM0335C1H200JA01D,Cut Tape,0.0265,0.053,0.053,13125,1,https://octopart.com/click/track?country=AR&ct=offers&ppid=24611615&sid=1106&sig=06b2df1&vpid=473331073&ai4=706,
2,0603ZD105KAT2A,AVX,0603ZD105KAT2A,https://octopart.com/0603zd105kat2a-avx-55396071,,,Capacitor 1uF 0603,Production (Last Updated: 2 years ago),11w,Compliant,2,478-1251-1-ND,,0603ZD105KAT2A,1462414,1327684,5795182,,581-0603ZD105K,,84K8388,,,,0603ZD105KAT2A,0603ZD105KAT2A,Cut Tape,,,Cut Tape,Cut Tape,Cut Tape,,Tape & Reel,,Cut Tape,,,,,,0.19,,,0.14651350718595887,,0.0334,,0.13,,,,,,,,234042,,2108000,89,22232,119855,,75990,,0,,,,600000,17795,1,,4000,1,10,1,,1,,4000,,,,4000,348,https://octopart.com/click/track?country=AR&ct=offers&ppid=55396071&sid=459&sig=017a7b7&vpid=187968895&ai4=706,,https://octopart.com/click/track?country=AR&ct=offers&ppid=55396071&sid=15544&sig=0bcb90e&vpid=191521890&ai4=706,https://octopart.com/click/track?country=AR&ct=offers&ppid=55396071&sid=11744&sig=05c4c0e&vpid=237113639&ai4=706,https://octopart.com/click/track?country=AR&ct=offers&ppid=55396071&sid=819&sig=0657370&vpid=202984299&ai4=706,https://octopart.com/click/track?country=AR&ct=offers&ppid=55396071&sid=2454&sig=0f9a4fa&vpid=656986335&ai4=706,,https://octopart.com/click/track?country=AR&ct=offers&ppid=55396071&sid=2401&sig=05e95b7&vpid=187733762&ai4=706,,https://octopart.com/click/track?country=AR&ct=offers&ppid=55396071&sid=2402&sig=05cae34&vpid=190823935&ai4=706,,,,https://octopart.com/click/track?country=AR&ct=offers&ppid=55396071&sid=950&sig=0cbf263&vpid=187533593&ai4=706,https://octopart.com/click/track?country=AR&ct=offers&ppid=55396071&sid=5489&sig=0244c96&vpid=531739186&ai4=706,Arrow Electronics,0603ZD105KAT2A,,0.0125,0.025,0.025,37854,1,https://octopart.com/click/track?country=AR&ct=offers&ppid=55396071&sid=1106&sig=06ec835&vpid=586485571&ai4=706,
26,CC0603KRX7R9BB104,Yageo,CC0603KRX7R9BB104,https://octopart.com/cc0603krx7r9bb104-yageo-42244635,,,Capacitor 100nF 0603,,30w,Compliant,26,311-1344-1-ND,68R4788,CC0603KRX7R9BB104,1362556,1362556,9017302,,603-CC603KRX7R9BB104,CC0603KRX7R9BB104,50M6494,6698767,,CC0603KRX7R9BB104,CC0603KRX7R9BB104,CC0603KRX7R9BB104,Cut Tape,,,Cut Tape,Cut Tape,Cut Tape,,Tape & Reel,,Cut Tape,,,,,,0.059,0.019,,0.06041794110761191,0.0910944649601637,0.098,,0.049,,0.049,,,,,,10531775,0,26519000,132380,99190,39512666,,96358392,51588000,98123,2628000,,1833002,600000,979292,1,1,4000,10,10,1,,1,24000,10,4000,,100,4000,2302,https://octopart.com/click/track?country=AR&ct=offers&ppid=42244635&sid=459&sig=038dbdd&vpid=115141230&ai4=706,https://octopart.com/click/track?country=AR&ct=offers&ppid=42244635&sid=5822&sig=00c817f&vpid=691381170&ai4=706,https://octopart.com/click/track?country=AR&ct=offers&ppid=42244635&sid=15544&sig=015ec3e&vpid=115144613&ai4=706,https://octopart.com/click/track?country=AR&ct=offers&ppid=42244635&sid=11744&sig=0759d33&vpid=482462222&ai4=706,https://octopart.com/click/track?country=AR&ct=offers&ppid=42244635&sid=819&sig=0d1626e&vpid=482481555&ai4=706,https://octopart.com/click/track?country=AR&ct=offers&ppid=42244635&sid=2454&sig=0042726&vpid=495875875&ai4=706,,https://octopart.com/click/track?country=AR&ct=offers&ppid=42244635&sid=2401&sig=0890135&vpid=115540542&ai4=706,https://octopart.com/click/track?country=AR&ct=offers&ppid=42244635&sid=11310&sig=0b8779a&vpid=262005881&ai4=706,https://octopart.com/click/track?country=AR&ct=offers&ppid=42244635&sid=2402&sig=0f50bae&vpid=115423539&ai4=706,https://octopart.com/click/track?country=AR&ct=offers&ppid=42244635&sid=10022&sig=01fcc60&vpid=199200276&ai4=706,,https://octopart.com/click/track?country=AR&ct=offers&ppid=42244635&sid=1532&sig=0c92035&vpid=593887472&ai4=706,https://octopart.com/click/track?country=AR&ct=offers&ppid=42244635&sid=950&sig=0d9784f&vpid=115236671&ai4=706,https://octopart.com/click/track?country=AR&ct=offers&ppid=42244635&sid=5489&sig=076f457&vpid=658669552&ai4=706,Freelance Electronics,CC0603KRX7R9BB104,,0.00396,0.10296,0.10296,3381,1,https://octopart.com/click/track?country=AR&ct=offers&ppid=42244635&sid=13062&sig=0cce3e0&vpid=502759648&ai4=706,
4,C1608X5R1A106M080AC,TDK,C1608X5R1A106M080AC,https://octopart.com/c1608x5r1a106m080ac-tdk-25947635,,,Capacitor 10uF 0603,Production (Last Updated: 9 months ago),28w,Compliant,4,445-6853-1-ND,48T2910,C1608X5R1A106M080AC,,2309028,5103572,,810-C1608X5R1A106M,C1608X5R1A106M080AC,48T2910,9159117,,,C1608X5R1A106M080AC,C1608X5R1A106M080AC,Cut Tape,,,,Cut Tape,Cut Tape,,Tape & Reel,,Cut Tape,,,,,,0.48,0.48,,,,0.16,,0.48,,0.48,,,,,,769525,3612,0,,20120,47037,,156586,37640,3562,860,,,352000,23784,1,1,4000,,10,1,,1,4000,1,20,,,4000,50,https://octopart.com/click/track?country=AR&ct=offers&ppid=25947635&sid=459&sig=036bd76&vpid=63972811&ai4=706,https://octopart.com/click/track?country=AR&ct=offers&ppid=25947635&sid=5822&sig=085eab3&vpid=503249747&ai4=706,https://octopart.com/click/track?c=1&country=AR&ct=offers&ppid=25947635&sid=15544&sig=07aaf4c&vpid=221140788&ai4=706,,https://octopart.com/click/track?country=AR&ct=offers&ppid=25947635&sid=819&sig=04836e2&vpid=139697158&ai4=706,https://octopart.com/click/track?country=AR&ct=offers&ppid=25947635&sid=2454&sig=0acf840&vpid=657057483&ai4=706,,https://octopart.com/click/track?country=AR&ct=offers&ppid=25947635&sid=2401&sig=08d4de9&vpid=66164163&ai4=706,https://octopart.com/click/track?country=AR&ct=offers&ppid=25947635&sid=11310&sig=0f7ef55&vpid=441138785&ai4=706,https://octopart.com/click/track?country=AR&ct=offers&ppid=25947635&sid=2402&sig=09b0217&vpid=76383308&ai4=706,https://octopart.com/click/track?country=AR&ct=offers&ppid=25947635&sid=10022&sig=03b68bd&vpid=270668698&ai4=706,,,https://octopart.com/click/track?country=AR&ct=offers&ppid=25947635&sid=950&sig=02f86d8&vpid=89020489&ai4=706,https://octopart.com/click/track?country=AR&ct=offers&ppid=25947635&sid=5489&sig=0566cee&vpid=506603103&ai4=706,Future Electronics,5103572,Cut Tape,0.16,0.64,0.64,47037,1,https://octopart.com/click/track?country=AR&ct=offers&ppid=25947635&sid=2454&sig=0acf840&vpid=657057483&ai4=706,
5,CL10B225KQ8NFNC,Samsung,CL10B225KQ8NFNC,https://octopart.com/cl10b225kq8nfnc-samsung-19831670,,,Capacitor 2.2uF 0603,Production (Last Updated: 8 months ago),22w,Compliant,5,1276-2017-1-ND,CL10B225KQ8NFNC,,,,,,187-CL10B225KQ8NFNC,,,,,,,,Cut Tape,,,,,,,Tape & Reel,,,,,,,,0.11,,,,,,,0.12,,,,,,,,223242,0,,,,,,151626,,,,,,,,1,160000,,,,,,1,,,,,,,,https://octopart.com/click/track?country=AR&ct=offers&ppid=19831670&sid=459&sig=01705bf&vpid=72524206&ai4=706,https://octopart.com/click/track?c=1&country=AR&ct=offers&ppid=19831670&sid=5822&sig=0956d72&vpid=331604300&ai4=706,,,,,,https://octopart.com/click/track?country=AR&ct=offers&ppid=19831670&sid=2401&sig=00b3ce3&vpid=659501212&ai4=706,,,,,,,,Arrow.cn,CL10B225KQ8NFNC#SAMSUNGE,,0.0145,0.07250000000000001,0.07250000000000001,125,1,https://octopart.com/click/track?country=AR&ct=offers&ppid=19831670&sid=28928&sig=005b09f&vpid=617415411&ai4=706,
1,06032C471KAT2A,AVX,06032C471KAT2A,https://octopart.com/06032c471kat2a-avx-194798,,,Capacitor 470pF 0603,Production (Last Updated: 2 years ago),26w,Compliant,1,478-1192-1-ND,06032C471KAT2A,06032C471KAT2A,2332576,2332576,5002109,,581-06032C471KAT2A,,95W9152,1356603,,,06032C471KAT2A,06032C471KAT2A,Cut Tape,,,Cut Tape,Cut Tape,Tape & Reel,,Tape & Reel,,Cut Tape,,,,,,0.14,,,,,,,0.16,,,,,,,,77771,0,0,9555,9835,0,,15398,,9555,0,,,20000,56000,1,28000,16000,10,10,4000,,1,,10,250,,,4000,4000,https://octopart.com/click/track?country=AR&ct=offers&ppid=194798&sid=459&sig=04a8a1c&vpid=1238832&ai4=706,https://octopart.com/click/track?c=1&country=AR&ct=offers&ppid=194798&sid=5822&sig=0eec3c4&vpid=27732306&ai4=706,https://octopart.com/click/track?c=1&country=AR&ct=offers&ppid=194798&sid=15544&sig=0404e44&vpid=227886118&ai4=706,https://octopart.com/click/track?country=AR&ct=offers&ppid=194798&sid=11744&sig=0e6586c&vpid=132126223&ai4=706,https://octopart.com/click/track?country=AR&ct=offers&ppid=194798&sid=819&sig=03bb346&vpid=138604896&ai4=706,https://octopart.com/click/track?c=1&country=AR&ct=offers&ppid=194798&sid=2454&sig=06b974f&vpid=109630192&ai4=706,,https://octopart.com/click/track?country=AR&ct=offers&ppid=194798&sid=2401&sig=071cc97&vpid=39295290&ai4=706,,https://octopart.com/click/track?country=AR&ct=offers&ppid=194798&sid=2402&sig=0d3a681&vpid=511729375&ai4=706,https://octopart.com/click/track?country=AR&ct=offers&ppid=194798&sid=10022&sig=09ec62e&vpid=500983554&ai4=706,,,https://octopart.com/click/track?country=AR&ct=offers&ppid=194798&sid=950&sig=0d4946a&vpid=82986623&ai4=706,https://octopart.com/click/track?country=AR&ct=offers&ppid=194798&sid=5489&sig=0a7b3ad&vpid=671706237&ai4=706,Digi-Key,478-1192-1-ND,Cut Tape,0.14,0.14,0.14,77771,1,https://octopart.com/click/track?country=AR&ct=offers&ppid=194798&sid=459&sig=04a8a1c&vpid=1238832&ai4=706,
2,CL10B223KA8NNNC,Samsung,CL10B223KA8NNNC,https://octopart.com/cl10b223ka8nnnc-samsung-9287371,,,Capacitor 0.022uF 0603,Production (Last Updated: 8 months ago),18w,Compliant,2,1276-1999-1-ND,,,,,,C318669,,,,,,,,CL10B223KA8NNNC,Cut Tape,,,,,,,,,,,,,,,0.1,,,,,,,,,,,,,,,28600,,,,,,10100,,,,,,,,40000,1,,,,,,50,,,,,,,,3847,https://octopart.com/click/track?country=AR&ct=offers&ppid=9287371&sid=459&sig=0e2c917&vpid=72524134&ai4=706,,,,,,https://octopart.com/click/track?country=AR&ct=offers&ppid=9287371&sid=27971&sig=06e8d5e&vpid=542408877&ai4=706,,,,,,,,https://octopart.com/click/track?country=AR&ct=offers&ppid=9287371&sid=5489&sig=01b3248&vpid=698448985&ai4=706,GreenChips,CL10B223KA8NNNC,,0.003,0.006,0.006,4000,1,https://octopart.com/click/track?country=AR&ct=offers&ppid=9287371&sid=28947&sig=064040d&vpid=600748178&ai4=706,
5,0603YC100KAT2A,AVX,0603YC100KAT2A,https://octopart.com/0603yc100kat2a-avx-8716065,,,Capacitor 10pF 0603,,12w,Compliant,5,478-0603YC100KAT2ACT-ND,0603YC100KAT2A,,,,,,581-0603YC100KAT2A,,,,,,,,Cut Tape,,,,,,,Tape & Reel,,,,,,,,0.22,,,,,,,0.22,,,,,,,,3600,0,,,,,,6298,,,,,,,,1,8000,,,,,,1,,,,,,,,https://octopart.com/click/track?country=AR&ct=offers&ppid=8716065&sid=459&sig=0b4ccec&vpid=605158145&ai4=706,https://octopart.com/click/track?c=1&country=AR&ct=offers&ppid=8716065&sid=5822&sig=05a4d2f&vpid=26949876&ai4=706,,,,,,https://octopart.com/click/track?country=AR&ct=offers&ppid=8716065&sid=2401&sig=0dc6ef6&vpid=165341339&ai4=706,,,,,,,,Digi-Key,478-0603YC100KAT2ACT-ND,Cut Tape,0.22,1.1,1.1,3600,1,https://octopart.com/click/track?country=AR&ct=offers&ppid=8716065&sid=459&sig=0b4ccec&vpid=605158145&ai4=706,
2,SP0502BAHTG,Littelfuse,SP0502BAHTG,https://octopart.com/sp0502bahtg-littelfuse-66370,,,SP0502BAHT,Production (Last Updated: 6 months ago),16w,Compliant,2,F2714CT-ND,,,1827631,1827631,5544929,C207261,576-SP0502BAHTG,SP0502BAHTG,92K8957,7931958,,,SP0502BAHTG,SP0502BAHTG,Cut Tape,,,Cut Tape,Cut Tape,Cut Tape,,Tape & Reel,,Cut Tape,,,,,,0.66,,,,0.8562879706255386,0.765,0.3115,0.65,,0.322,,,,,,144024,,,2706,10286,132027,522,21160,111000,6000,110,,,4950,7381,1,,,10,1,1,1,1,3000,1,10,,,25,25,https://octopart.com/click/track?country=AR&ct=offers&ppid=66370&sid=459&sig=0e4ca29&vpid=1498054&ai4=706,,,https://octopart.com/click/track?country=AR&ct=offers&ppid=66370&sid=11744&sig=0153726&vpid=135690733&ai4=706,https://octopart.com/click/track?country=AR&ct=offers&ppid=66370&sid=819&sig=016c238&vpid=138994267&ai4=706,https://octopart.com/click/track?country=AR&ct=offers&ppid=66370&sid=2454&sig=0e277fc&vpid=109825138&ai4=706,https://octopart.com/click/track?country=AR&ct=offers&ppid=66370&sid=27971&sig=0bad97f&vpid=480647053&ai4=706,https://octopart.com/click/track?country=AR&ct=offers&ppid=66370&sid=2401&sig=0e075b0&vpid=37800287&ai4=706,https://octopart.com/click/track?country=AR&ct=offers&ppid=66370&sid=11310&sig=04ddc29&vpid=439259693&ai4=706,https://octopart.com/click/track?country=AR&ct=offers&ppid=66370&sid=2402&sig=0f10592&vpid=13454860&ai4=706,https://octopart.com/click/track?country=AR&ct=offers&ppid=66370&sid=10022&sig=0bebe4e&vpid=199051061&ai4=706,,,https://octopart.com/click/track?country=AR&ct=offers&ppid=66370&sid=950&sig=0a31af3&vpid=83101186&ai4=706,https://octopart.com/click/track?country=AR&ct=offers&ppid=66370&sid=5489&sig=081402a&vpid=663711471&ai4=706,LCSC,C207261,,0.3115,0.623,0.623,522,1,https://octopart.com/click/track?country=AR&ct=offers&ppid=66370&sid=27971&sig=0bad97f&vpid=480647053&ai4=706,
2,RC0805FR-071M07L,Yageo,RC0805FR-071M07L,https://octopart.com/rc0805fr-071m07l-yageo-25628585,,,Led red 0603,,20w,Compliant,2,YAG3333CT-ND,RC0805FR-071M07L,RC0805FR-071M07L,,,5030518,,603-RC0805FR-071M07L,,,,,,,,Cut Tape,,,,,Tape & Reel,,Tape & Reel,,,,,,,,0.1,,,,,,,0.1,,,,,,,,4654,0,0,,,20000,,11785,,,,,,,,1,5000,5000,,,5000,,1,,,,,,,,https://octopart.com/click/track?country=AR&ct=offers&ppid=25628585&sid=459&sig=09ccfd7&vpid=211684173&ai4=706,https://octopart.com/click/track?c=1&country=AR&ct=offers&ppid=25628585&sid=5822&sig=0a711a9&vpid=536833728&ai4=706,https://octopart.com/click/track?c=1&country=AR&ct=offers&ppid=25628585&sid=15544&sig=068cccc&vpid=87554273&ai4=706,,,https://octopart.com/click/track?country=AR&ct=offers&ppid=25628585&sid=2454&sig=0ed4b71&vpid=110215518&ai4=706,,https://octopart.com/click/track?country=AR&ct=offers&ppid=25628585&sid=2401&sig=0e33d54&vpid=253929777&ai4=706,,,,,,,,Utmel Electronic,RC0805FR-071M07L,,0.04112,0.08224,0.08224,15000,1,https://octopart.com/click/track?country=AR&ct=offers&ppid=25628585&sid=29008&sig=058f02a&vpid=618311349&ai4=706,
1,12401610E4#2A,Amphenol,12401610E4#2A,https://octopart.com/12401610e4%232a-amphenol-67281401,,,USB C Receptacle Amphenol 12401610E4-2A,,12w,Compliant,1,12401610E4#2ACT-ND,59AC8815,12401610E4#2A,3367461,3367461,4111122,,523-12401610E4#2A,12401610E4#2A,59AC8815,,,,12401610E4#2A,12401610E4#2A,Cut Tape,,,Cut Tape,Cut Tape,Tape & Reel,,Tape & Reel,,Cut Tape,,,,,,1.59,1.71,,1.9560308433589355,2.0040782291236012,,,1.54,,1.57,,,,,,20438,4938,0,0,0,24000,,15052,19000,4038,,,,4000,7000,1,1,8000,1,1,1000,,1,1000,1,,,,1000,1000,https://octopart.com/click/track?country=AR&ct=offers&ppid=67281401&sid=459&sig=0c50e55&vpid=531263748&ai4=706,https://octopart.com/click/track?country=AR&ct=offers&ppid=67281401&sid=5822&sig=0b8a5e5&vpid=503026610&ai4=706,https://octopart.com/click/track?c=1&country=AR&ct=offers&ppid=67281401&sid=15544&sig=05deead&vpid=477009866&ai4=706,https://octopart.com/click/track?c=1&country=AR&ct=offers&ppid=67281401&sid=11744&sig=0d59d47&vpid=667994611&ai4=706,https://octopart.com/click/track?c=1&country=AR&ct=offers&ppid=67281401&sid=819&sig=02d95b3&vpid=667619005&ai4=706,https://octopart.com/click/track?country=AR&ct=offers&ppid=67281401&sid=2454&sig=024962f&vpid=697073410&ai4=706,,https://octopart.com/click/track?country=AR&ct=offers&ppid=67281401&sid=2401&sig=07b832f&vpid=252028416&ai4=706,https://octopart.com/click/track?country=AR&ct=offers&ppid=67281401&sid=11310&sig=006fbad&vpid=697098047&ai4=706,https://octopart.com/click/track?country=AR&ct=offers&ppid=67281401&sid=2402&sig=019e777&vpid=489934139&ai4=706,,,,https://octopart.com/click/track?country=AR&ct=offers&ppid=67281401&sid=950&sig=0f68f57&vpid=257344383&ai4=706,https://octopart.com/click/track?country=AR&ct=offers&ppid=67281401&sid=5489&sig=071079b&vpid=695650746&ai4=706,Mouser,523-12401610E4#2A,Tape & Reel,1.54,1.54,1.54,15052,1,https://octopart.com/click/track?country=AR&ct=offers&ppid=67281401&sid=2401&sig=07b832f&vpid=252028416&ai4=706,
1," 47346-0001",Molex,47346-0001,https://octopart.com/47346-0001-molex-7164928,,,USB Micro B Molex 47346-0001,Production (Last Updated: 6 months ago),15w,Compliant,1,WM17141CT-ND,47M0505,473460001,1568026,1568026,,C132560,538-47346-0001,473460001,47M0505,7025475,CONIO1357,MX-47346-0001,47346-0001,47346-0001,Cut Tape,,,Cut Tape,Cut Tape,,,Tape & Reel,,Cut Tape,,,,,,0.95,1.03,,1.0950751825754659,1.0468856203883428,,0.6204,0.95,,0.597,,,1.14,,,17416,14940,48000,20125,18124,,10959,26851,38000,14823,1300,57990,365,42000,3131,1,1,2000,1,1,,1,1,2000,1,5,2000,1,2000,9,https://octopart.com/click/track?country=AR&ct=offers&ppid=7164928&sid=459&sig=00c5a61&vpid=50127118&ai4=706,https://octopart.com/click/track?country=AR&ct=offers&ppid=7164928&sid=5822&sig=098730d&vpid=615178516&ai4=706,https://octopart.com/click/track?country=AR&ct=offers&ppid=7164928&sid=15544&sig=0daeed6&vpid=321524434&ai4=706,https://octopart.com/click/track?country=AR&ct=offers&ppid=7164928&sid=11744&sig=079fb60&vpid=133111703&ai4=706,https://octopart.com/click/track?country=AR&ct=offers&ppid=7164928&sid=819&sig=09fb2b5&vpid=139015539&ai4=706,,https://octopart.com/click/track?country=AR&ct=offers&ppid=7164928&sid=27971&sig=08fbb0e&vpid=626924393&ai4=706,https://octopart.com/click/track?country=AR&ct=offers&ppid=7164928&sid=2401&sig=02695e0&vpid=37677377&ai4=706,https://octopart.com/click/track?country=AR&ct=offers&ppid=7164928&sid=11310&sig=089742f&vpid=511093105&ai4=706,https://octopart.com/click/track?country=AR&ct=offers&ppid=7164928&sid=2402&sig=0957815&vpid=14934121&ai4=706,https://octopart.com/click/track?country=AR&ct=offers&ppid=7164928&sid=10022&sig=0ecbcb7&vpid=199068424&ai4=706,https://octopart.com/click/track?country=AR&ct=offers&ppid=7164928&sid=18993&sig=0074d83&vpid=119930516&ai4=706,https://octopart.com/click/track?country=AR&ct=offers&ppid=7164928&sid=1532&sig=0077f5a&vpid=118564874&ai4=706,https://octopart.com/click/track?country=AR&ct=offers&ppid=7164928&sid=950&sig=01ce3eb&vpid=83111544&ai4=706,https://octopart.com/click/track?country=AR&ct=offers&ppid=7164928&sid=5489&sig=0e7ba32&vpid=587843044&ai4=706,Newark,47M0505,Cut Tape,0.597,0.597,0.597,14823,1,https://octopart.com/click/track?country=AR&ct=offers&ppid=7164928&sid=2402&sig=0957815&vpid=14934121&ai4=706,
1,105162-0001,Molex,105162-0001,https://octopart.com/105162-0001-molex-33126378,,,Memory Card Connectors 1.45H MICRO SD HEADER WITH D/C PIN,Production (Last Updated: 6 months ago),13w,Compliant,1,WM14405CT-ND,41AH6300,1051620001,3500659,3500659,,,538-105162-0001,,41AH6300,2076766,,,105162-0001,,Cut Tape,,,Cut Tape,Cut Tape,,,Tape & Reel,,Cut Tape,,,,,,0.84,0.914,,0.8685079034219212,0.8969301165308425,,,0.84,,0.914,,,,,,13160,1957,0,0,0,,,0,,1934,0,,,0,,1,1,6000,1,1,,,1,,1,5,,,2000,,https://octopart.com/click/track?country=AR&ct=offers&ppid=33126378&sid=459&sig=0f318ab&vpid=265631505&ai4=706,https://octopart.com/click/track?country=AR&ct=offers&ppid=33126378&sid=5822&sig=0c8fff7&vpid=615172366&ai4=706,https://octopart.com/click/track?c=1&country=AR&ct=offers&ppid=33126378&sid=15544&sig=0b0364b&vpid=104764206&ai4=706,https://octopart.com/click/track?country=AR&ct=offers&ppid=33126378&sid=11744&sig=00a49b2&vpid=667995357&ai4=706,https://octopart.com/click/track?country=AR&ct=offers&ppid=33126378&sid=819&sig=02c18a9&vpid=632629187&ai4=706,,,https://octopart.com/click/track?c=1&country=AR&ct=offers&ppid=33126378&sid=2401&sig=0b144e5&vpid=198948016&ai4=706,,https://octopart.com/click/track?country=AR&ct=offers&ppid=33126378&sid=2402&sig=04446a7&vpid=596289143&ai4=706,https://octopart.com/click/track?c=1&country=AR&ct=offers&ppid=33126378&sid=10022&sig=08a71c9&vpid=693987091&ai4=706,,,https://octopart.com/click/track?c=1&country=AR&ct=offers&ppid=33126378&sid=950&sig=02c6621&vpid=613801513&ai4=706,,Digi-Key,WM14405CT-ND,Cut Tape,0.84,0.84,0.84,13160,1,https://octopart.com/click/track?country=AR&ct=offers&ppid=33126378&sid=459&sig=0f318ab&vpid=265631505&ai4=706,
3,RC0603FR-071M02L,Yageo,RC0603FR-071M02L,https://octopart.com/rc0603fr-071m02l-yageo-26128820,,,ferrite inductor 0603,,20w,Compliant,3,13-RC0603FR-071M02LCT-ND,RC0603FR-071M02L,RC0603FR-071M02L,,,7030071,,603-RC0603FR-071M02L,,,,,,,,Cut Tape,,,,,Tape & Reel,,Tape & Reel,,,,,,,,0.1,,,,,,,0.1,,,,,,,,9500,0,0,,,0,,9228,,,,,,,,1,5000,5000,,,5000,,1,,,,,,,,https://octopart.com/click/track?country=AR&ct=offers&ppid=26128820&sid=459&sig=0456880&vpid=634566148&ai4=706,https://octopart.com/click/track?c=1&country=AR&ct=offers&ppid=26128820&sid=5822&sig=073b028&vpid=536830823&ai4=706,https://octopart.com/click/track?c=1&country=AR&ct=offers&ppid=26128820&sid=15544&sig=0be7e18&vpid=87551450&ai4=706,,,https://octopart.com/click/track?c=1&country=AR&ct=offers&ppid=26128820&sid=2454&sig=0f49131&vpid=110212107&ai4=706,,https://octopart.com/click/track?country=AR&ct=offers&ppid=26128820&sid=2401&sig=0bc2bff&vpid=269060245&ai4=706,,,,,,,,Utmel Electronic,RC0603FR-071M02L,,0.01806,0.05418,0.05418,95000,1,https://octopart.com/click/track?country=AR&ct=offers&ppid=26128820&sid=29008&sig=0652488&vpid=618310308&ai4=706,
2,NR3015T2R2M,Taiyo Yuden,NR3015T2R2M,https://octopart.com/nr3015t2r2m-taiyo+yuden-388713,,,Inductor 2.2uH,,14w,Compliant,2,587-1648-1-ND,93K5687,,1612110,1612110,6104090,C86423,963-NR3015T2R2M,,93K5687,,,,,NR3015T2R2M,Cut Tape,,,Cut Tape,Cut Tape,Cut Tape,,Tape & Reel,,Cut Tape,,,,,,0.36,0.34,,,,0.255,,0.34,,0.34,,,,,,47428,961,,977,2562,16716,1290,106451,,961,,,,,5675,1,1,,2000,5,1,10,1,,1,,,,,130,https://octopart.com/click/track?country=AR&ct=offers&ppid=388713&sid=459&sig=02be1c3&vpid=1575637&ai4=706,https://octopart.com/click/track?country=AR&ct=offers&ppid=388713&sid=5822&sig=0e697af&vpid=548940311&ai4=706,,https://octopart.com/click/track?country=AR&ct=offers&ppid=388713&sid=11744&sig=0ce05d0&vpid=132630933&ai4=706,https://octopart.com/click/track?country=AR&ct=offers&ppid=388713&sid=819&sig=03da4fa&vpid=139695902&ai4=706,https://octopart.com/click/track?country=AR&ct=offers&ppid=388713&sid=2454&sig=03efe0e&vpid=495873320&ai4=706,https://octopart.com/click/track?country=AR&ct=offers&ppid=388713&sid=27971&sig=0279804&vpid=445985028&ai4=706,https://octopart.com/click/track?country=AR&ct=offers&ppid=388713&sid=2401&sig=0f26a30&vpid=46007597&ai4=706,,https://octopart.com/click/track?country=AR&ct=offers&ppid=388713&sid=2402&sig=0c59675&vpid=3068676&ai4=706,,,,,https://octopart.com/click/track?country=AR&ct=offers&ppid=388713&sid=5489&sig=0e303d5&vpid=506602506&ai4=706,Quest,NR3015T2R2M,,0.216,0.432,0.432,8083,1,https://octopart.com/click/track?country=AR&ct=offers&ppid=388713&sid=2412&sig=0a9e3cb&vpid=33175345&ai4=706,
9,RC0603FR-0710KL,Yageo,RC0603FR-0710KL,https://octopart.com/rc0603fr-0710kl-yageo-40025538,,,Resistor 10K 0603,,20w,Compliant,9,311-10.0KHRCT-ND,66R1987,RC0603FR-0710KL,2133286,9238603,3349388,,603-RC0603FR-0710KL,RC0603FR-0710KL,68R0049,1995443,WRC32607,RC0603FR-0710K,RC0603FR-0710KL,RC0603FR-0710KL,Cut Tape,,,Cut Tape,Cut Tape,Cut Tape,,Tape & Reel,,Cut Tape,,,,,,0.1,0.003,,0.12310155500675928,,0.098,,0.1,,,,,,,,23045550,0,7390000,18473,246985,21155898,,8159741,20934185,9441,0,5000,125300,5000000,1341108,1,1,5000,1,10,1,,1,50000,5000,100,5000,100,5000,3869,https://octopart.com/click/track?country=AR&ct=offers&ppid=40025538&sid=459&sig=03bdc7a&vpid=114982759&ai4=706,https://octopart.com/click/track?c=1&country=AR&ct=offers&ppid=40025538&sid=5822&sig=02a211c&vpid=691381422&ai4=706,https://octopart.com/click/track?country=AR&ct=offers&ppid=40025538&sid=15544&sig=08c8746&vpid=115144645&ai4=706,https://octopart.com/click/track?country=AR&ct=offers&ppid=40025538&sid=11744&sig=09d0676&vpid=132762907&ai4=706,https://octopart.com/click/track?country=AR&ct=offers&ppid=40025538&sid=819&sig=09e8397&vpid=508509528&ai4=706,https://octopart.com/click/track?country=AR&ct=offers&ppid=40025538&sid=2454&sig=02d8925&vpid=416981330&ai4=706,,https://octopart.com/click/track?country=AR&ct=offers&ppid=40025538&sid=2401&sig=0830c62&vpid=115161137&ai4=706,https://octopart.com/click/track?country=AR&ct=offers&ppid=40025538&sid=11310&sig=09a3d45&vpid=414144898&ai4=706,https://octopart.com/click/track?country=AR&ct=offers&ppid=40025538&sid=2402&sig=0811f32&vpid=115424063&ai4=706,https://octopart.com/click/track?country=AR&ct=offers&ppid=40025538&sid=10022&sig=0602c5b&vpid=694057360&ai4=706,https://octopart.com/click/track?country=AR&ct=offers&ppid=40025538&sid=18993&sig=0d3c085&vpid=114985123&ai4=706,https://octopart.com/click/track?country=AR&ct=offers&ppid=40025538&sid=1532&sig=042702c&vpid=114810349&ai4=706,https://octopart.com/click/track?country=AR&ct=offers&ppid=40025538&sid=950&sig=0281a94&vpid=237901990&ai4=706,https://octopart.com/click/track?country=AR&ct=offers&ppid=40025538&sid=5489&sig=0b54c16&vpid=658670943&ai4=706,GreenChips,RC0603FR-0710KL,,0.001,0.009000000000000001,0.009000000000000001,65000,1,https://octopart.com/click/track?country=AR&ct=offers&ppid=40025538&sid=28947&sig=0afb653&vpid=610796909&ai4=706,
2,RC0603JR-07270RL,Yageo,RC0603JR-07270RL,https://octopart.com/rc0603jr-07270rl-yageo-40025544,,,Resistor 270 ohm 0603,,20w,Compliant,2,311-270GRCT-ND,68R0174,RC0603JR-07270RL,1799414,9233300,3021078,,603-RC0603JR-07270RL,RC0603JR-07270RL,68R0174,,WRC37262,RC0603JR-07270R,RC0603JR-07270RL,RC0603JR-07270RL,Cut Tape,,,Cut Tape,Cut Tape,Cut Tape,,Tape & Reel,,Cut Tape,,,,,,0.1,0.005,,0.12310155500675928,,0.098,,0.1,,,,,,,,515941,0,165000,4390,8550,40,,169310,150000,4390,,10000,0,0,360000,1,1,5000,1,5,1,,1,115000,5000,,5000,100,5000,10000,https://octopart.com/click/track?country=AR&ct=offers&ppid=40025544&sid=459&sig=0278d8a&vpid=114983123&ai4=706,https://octopart.com/click/track?c=1&country=AR&ct=offers&ppid=40025544&sid=5822&sig=0707292&vpid=691381579&ai4=706,https://octopart.com/click/track?country=AR&ct=offers&ppid=40025544&sid=15544&sig=0363270&vpid=148147327&ai4=706,https://octopart.com/click/track?country=AR&ct=offers&ppid=40025544&sid=11744&sig=0e34f2e&vpid=478973550&ai4=706,https://octopart.com/click/track?country=AR&ct=offers&ppid=40025544&sid=819&sig=02ed732&vpid=480312735&ai4=706,https://octopart.com/click/track?country=AR&ct=offers&ppid=40025544&sid=2454&sig=06708ed&vpid=416981876&ai4=706,,https://octopart.com/click/track?country=AR&ct=offers&ppid=40025544&sid=2401&sig=0e9630a&vpid=116521368&ai4=706,https://octopart.com/click/track?country=AR&ct=offers&ppid=40025544&sid=11310&sig=056109f&vpid=439266967&ai4=706,https://octopart.com/click/track?country=AR&ct=offers&ppid=40025544&sid=2402&sig=0d3206e&vpid=115424270&ai4=706,,https://octopart.com/click/track?country=AR&ct=offers&ppid=40025544&sid=18993&sig=0abfbe3&vpid=115145892&ai4=706,https://octopart.com/click/track?country=AR&ct=offers&ppid=40025544&sid=1532&sig=08ba507&vpid=114810352&ai4=706,https://octopart.com/click/track?c=1&country=AR&ct=offers&ppid=40025544&sid=950&sig=028ba6a&vpid=241765625&ai4=706,https://octopart.com/click/track?country=AR&ct=offers&ppid=40025544&sid=5489&sig=0b1807c&vpid=669575172&ai4=706,Avnet,68R0174,,0.005,0.01,0.01,0,1,https://octopart.com/click/track?c=1&country=AR&ct=offers&ppid=40025544&sid=5822&sig=0707292&vpid=691381579&ai4=706,
7,RC0603JR-071K5L,Yageo,RC0603JR-071K5L,https://octopart.com/rc0603jr-071k5l-yageo-39866003,,,Resistor 1.5K 0603,,20w,Compliant,7,311-1.5KGRCT-ND,68R0139,RC0603JR-071K5L,1799378,9233407,7904097,,603-RC0603JR-071K5L,RC0603JR-071K5L,68R0139,,,RC0603JR-071K5,RC0603JR-071K5L,RC0603JR-071K5L,Cut Tape,,,Cut Tape,Cut Tape,Cut Tape,,Tape & Reel,,Cut Tape,,,,,,0.1,0.005,,0.12310155500675928,,0.098,,0.1,,,,,,,,1504045,0,565000,3254,211991,6079450,,238875,5290000,0,,,2700,680000,980000,1,1,5000,1,10,1,,1,60000,5000,,,100,5000,10000,https://octopart.com/click/track?country=AR&ct=offers&ppid=39866003&sid=459&sig=0112786&vpid=114983098&ai4=706,https://octopart.com/click/track?country=AR&ct=offers&ppid=39866003&sid=5822&sig=0a49c91&vpid=691381560&ai4=706,https://octopart.com/click/track?country=AR&ct=offers&ppid=39866003&sid=15544&sig=0167dff&vpid=135921502&ai4=706,https://octopart.com/click/track?country=AR&ct=offers&ppid=39866003&sid=11744&sig=0353fbe&vpid=478973532&ai4=706,https://octopart.com/click/track?country=AR&ct=offers&ppid=39866003&sid=819&sig=022900c&vpid=478818859&ai4=706,https://octopart.com/click/track?country=AR&ct=offers&ppid=39866003&sid=2454&sig=0bdfc6e&vpid=416981846&ai4=706,,https://octopart.com/click/track?country=AR&ct=offers&ppid=39866003&sid=2401&sig=05414f9&vpid=116521364&ai4=706,https://octopart.com/click/track?country=AR&ct=offers&ppid=39866003&sid=11310&sig=0554a0a&vpid=414145074&ai4=706,https://octopart.com/click/track?country=AR&ct=offers&ppid=39866003&sid=2402&sig=0fdd59c&vpid=115424254&ai4=706,,,https://octopart.com/click/track?country=AR&ct=offers&ppid=39866003&sid=1532&sig=0ec4816&vpid=118316997&ai4=706,https://octopart.com/click/track?country=AR&ct=offers&ppid=39866003&sid=950&sig=0d43105&vpid=241765604&ai4=706,https://octopart.com/click/track?country=AR&ct=offers&ppid=39866003&sid=5489&sig=03e8599&vpid=695380160&ai4=706,Avnet,68R0139,,0.005,0.035,0.035,0,1,https://octopart.com/click/track?country=AR&ct=offers&ppid=39866003&sid=5822&sig=0a49c91&vpid=691381560&ai4=706,
4,RC0603FR-0749R9L,Yageo,RC0603FR-0749R9L,https://octopart.com/rc0603fr-0749r9l-yageo-1201777,,,Resistor 49.9 ohm 1%0603,,20w,Compliant,4,311-49.9HRCT-ND,82AH8172,RC0603FR-0749R9L,1799347,3495857,2706513,,603-RC0603FR-0749R9L,RC0603FR-0749R9L,82AH8172,1995590,WRC32860,RC0603FR-0749R9,RC0603FR-0749R9L,RC0603FR-0749R9L,Cut Tape,,,Cut Tape,Cut Tape,Cut Tape,,Tape & Reel,,Cut Tape,,,,,,0.1,,,0.12310155500675928,,0.098,,0.1,,,,,,,,4700523,0,975000,235,476120,3373010,,497570,2980000,49900,0,3215000,86500,5000000,64846,1,10,5000,1,10,1,,1,60000,10,100,5000,100,5000,1059,https://octopart.com/click/track?country=AR&ct=offers&ppid=1201777&sid=459&sig=0c130d6&vpid=1178941&ai4=706,https://octopart.com/click/track?country=AR&ct=offers&ppid=1201777&sid=5822&sig=04ed22a&vpid=696960929&ai4=706,https://octopart.com/click/track?country=AR&ct=offers&ppid=1201777&sid=15544&sig=0448148&vpid=87551779&ai4=706,https://octopart.com/click/track?country=AR&ct=offers&ppid=1201777&sid=11744&sig=06842ee&vpid=629364148&ai4=706,https://octopart.com/click/track?country=AR&ct=offers&ppid=1201777&sid=819&sig=0097857&vpid=653863443&ai4=706,https://octopart.com/click/track?country=AR&ct=offers&ppid=1201777&sid=2454&sig=0b14db1&vpid=19679218&ai4=706,,https://octopart.com/click/track?country=AR&ct=offers&ppid=1201777&sid=2401&sig=0d0baac&vpid=37774712&ai4=706,https://octopart.com/click/track?country=AR&ct=offers&ppid=1201777&sid=11310&sig=0576656&vpid=414144995&ai4=706,https://octopart.com/click/track?country=AR&ct=offers&ppid=1201777&sid=2402&sig=0987869&vpid=674514308&ai4=706,https://octopart.com/click/track?country=AR&ct=offers&ppid=1201777&sid=10022&sig=06693a4&vpid=694057503&ai4=706,https://octopart.com/click/track?country=AR&ct=offers&ppid=1201777&sid=18993&sig=0d7d599&vpid=87945589&ai4=706,https://octopart.com/click/track?country=AR&ct=offers&ppid=1201777&sid=1532&sig=02132e6&vpid=88745923&ai4=706,https://octopart.com/click/track?country=AR&ct=offers&ppid=1201777&sid=950&sig=0cba98f&vpid=241765417&ai4=706,https://octopart.com/click/track?country=AR&ct=offers&ppid=1201777&sid=5489&sig=07e5f03&vpid=658670899&ai4=706,Quest,RC0603FR-0749R9L,,0.0096,0.0384,0.0384,61362,1,https://octopart.com/click/track?country=AR&ct=offers&ppid=1201777&sid=2412&sig=04f1a15&vpid=34915966&ai4=706,
1,RC0603FR-0712K1L,Yageo,RC0603FR-0712K1L,https://octopart.com/rc0603fr-0712k1l-yageo-55402880,,,Resistor 12.1K 1% 0603,,20w,Compliant,1,311-12.1KHRCT-ND,66R2021,RC0603FR-0712K1L,1799324,3495729,3391257,,603-RC0603FR-0712K1L,RC0603FR-0712K1L,68R0055,,WRC32976,RC0603FR-0712K1L,RC0603FR-0712K1L,RC0603FR-0712K1L,Cut Tape,,,Cut Tape,Cut Tape,Cut Tape,,Tape & Reel,,Cut Tape,,,,,,0.1,0.003,,0.12310155500675928,,0.098,,0.1,,,,,,,,704355,0,420000,4250,128615,457794,,265721,545000,4025,,1925000,0,645000,235000,1,1,5000,1,10,1,,1,55000,5000,,5000,100,5000,10000,https://octopart.com/click/track?country=AR&ct=offers&ppid=55402880&sid=459&sig=09ad5b6&vpid=188128888&ai4=706,https://octopart.com/click/track?country=AR&ct=offers&ppid=55402880&sid=5822&sig=04e5b53&vpid=691381428&ai4=706,https://octopart.com/click/track?country=AR&ct=offers&ppid=55402880&sid=15544&sig=0d15329&vpid=187588852&ai4=706,https://octopart.com/click/track?country=AR&ct=offers&ppid=55402880&sid=11744&sig=0d0c220&vpid=629364128&ai4=706,https://octopart.com/click/track?country=AR&ct=offers&ppid=55402880&sid=819&sig=08718a8&vpid=653863213&ai4=706,https://octopart.com/click/track?country=AR&ct=offers&ppid=55402880&sid=2454&sig=0a514ed&vpid=416981354&ai4=706,,https://octopart.com/click/track?country=AR&ct=offers&ppid=55402880&sid=2401&sig=06b80aa&vpid=193244045&ai4=706,https://octopart.com/click/track?country=AR&ct=offers&ppid=55402880&sid=11310&sig=070a16e&vpid=439732449&ai4=706,https://octopart.com/click/track?country=AR&ct=offers&ppid=55402880&sid=2402&sig=0cd4292&vpid=191426247&ai4=706,,https://octopart.com/click/track?country=AR&ct=offers&ppid=55402880&sid=18993&sig=0550331&vpid=187728839&ai4=706,https://octopart.com/click/track?country=AR&ct=offers&ppid=55402880&sid=1532&sig=06a8897&vpid=603467444&ai4=706,https://octopart.com/click/track?country=AR&ct=offers&ppid=55402880&sid=950&sig=0fd1b14&vpid=241765106&ai4=706,https://octopart.com/click/track?country=AR&ct=offers&ppid=55402880&sid=5489&sig=039d610&vpid=695380111&ai4=706,Avnet,66R2021,,0.003,0.003,0.003,0,1,https://octopart.com/click/track?country=AR&ct=offers&ppid=55402880&sid=5822&sig=04e5b53&vpid=691381428&ai4=706,
1,STM32H733ZGT6,STMicroelectronics,STM32H733ZGT6,https://octopart.com/stm32h733zgt6-stmicroelectronics-110106614,,,STM32H730ZBT6,,20w,,1,497-STM32H733ZGT6-ND,STM32H733ZGT6,STM32H733ZGT6,3576965,3576965,1131792,,511-STM32H733ZGT6,STM32H733ZGT6,89AH1355,2102683,,,,STM32H733ZGT6,Tray,,,,,Tray,,Tray,,,,,,,,12.94,,,10.716632303962662,14.659201592050959,,,10.77,,11.31,11.39381538655586,,,,10.696,12,0,350,42,42,0,,0,290,42,0,,,,20,1,360,60,1,1,360,,1,60,1,1,,,,1,https://octopart.com/click/track?country=AR&ct=offers&ppid=110106614&sid=459&sig=0f9741e&vpid=657994139&ai4=706,https://octopart.com/click/track?c=1&country=AR&ct=offers&ppid=110106614&sid=5822&sig=0e71436&vpid=632169268&ai4=706,https://octopart.com/click/track?country=AR&ct=offers&ppid=110106614&sid=15544&sig=0ca72d3&vpid=663520814&ai4=706,https://octopart.com/click/track?country=AR&ct=offers&ppid=110106614&sid=11744&sig=045cc72&vpid=662605589&ai4=706,https://octopart.com/click/track?country=AR&ct=offers&ppid=110106614&sid=819&sig=0cc8e97&vpid=662542026&ai4=706,https://octopart.com/click/track?c=1&country=AR&ct=offers&ppid=110106614&sid=2454&sig=0b0ad53&vpid=658010342&ai4=706,,https://octopart.com/click/track?c=1&country=AR&ct=offers&ppid=110106614&sid=2401&sig=0d3a5cc&vpid=658069137&ai4=706,https://octopart.com/click/track?country=AR&ct=offers&ppid=110106614&sid=11310&sig=0c3e645&vpid=661330340&ai4=706,https://octopart.com/click/track?country=AR&ct=offers&ppid=110106614&sid=2402&sig=0af3e57&vpid=664873587&ai4=706,https://octopart.com/click/track?c=1&country=AR&ct=offers&ppid=110106614&sid=10022&sig=0995b0a&vpid=694022227&ai4=706,,,,https://octopart.com/click/track?country=AR&ct=offers&ppid=110106614&sid=5489&sig=0953a21&vpid=673831690&ai4=706,Arrow.cn,STM32H733ZGT6#STMICRO,,10.681,10.681,10.681,21,1,https://octopart.com/click/track?country=AR&ct=offers&ppid=110106614&sid=28928&sig=054228f&vpid=673882131&ai4=706,
1,AP22814ASN-7,Diodes Inc.,AP22814ASN-7,https://octopart.com/ap22814asn-7-diodes+inc.-77041766,,,AP22814BW5,,16w,Non-Compliant,1,AP22814ASN-7DICT-ND,AP22814ASN-7,AP22814ASN-7,2748553,2748553,,,621-AP22814ASN-7,AP22814ASN-7,15AC8128,1464894P,,,,AP22814ASN-7,Cut Tape,,,Cut Tape,Cut Tape,,,Tape & Reel,,Cut Tape,,,,,,0.46,,,0.496937565610108,,,,0.44,,,,,,,,26793,24000,0,424,914,,,3848,36000,424,0,,,,76,1,3000,3000,1,5,,,1,3000,5,10,,,,62,https://octopart.com/click/track?country=AR&ct=offers&ppid=77041766&sid=459&sig=0d481a0&vpid=409770459&ai4=706,https://octopart.com/click/track?country=AR&ct=offers&ppid=77041766&sid=5822&sig=067bcea&vpid=381254244&ai4=706,https://octopart.com/click/track?c=1&country=AR&ct=offers&ppid=77041766&sid=15544&sig=09163db&vpid=421300091&ai4=706,https://octopart.com/click/track?country=AR&ct=offers&ppid=77041766&sid=11744&sig=0a8c29c&vpid=424009266&ai4=706,https://octopart.com/click/track?country=AR&ct=offers&ppid=77041766&sid=819&sig=02ded20&vpid=425131758&ai4=706,,,https://octopart.com/click/track?country=AR&ct=offers&ppid=77041766&sid=2401&sig=094d4a2&vpid=448426228&ai4=706,https://octopart.com/click/track?country=AR&ct=offers&ppid=77041766&sid=11310&sig=0f88276&vpid=656920802&ai4=706,https://octopart.com/click/track?country=AR&ct=offers&ppid=77041766&sid=2402&sig=06f42eb&vpid=423889300&ai4=706,https://octopart.com/click/track?c=1&country=AR&ct=offers&ppid=77041766&sid=10022&sig=01411af&vpid=576283573&ai4=706,,,,https://octopart.com/click/track?country=AR&ct=offers&ppid=77041766&sid=5489&sig=0848a7b&vpid=529314203&ai4=706,Mouser,621-AP22814ASN-7,Tape & Reel,0.44,0.44,0.44,3848,1,https://octopart.com/click/track?country=AR&ct=offers&ppid=77041766&sid=2401&sig=094d4a2&vpid=448426228&ai4=706,
1,W25Q32JVSSIQ,Winbond,W25Q32JVSSIQ,https://octopart.com/w25q32jvssiq-winbond-65166935,,,W25Q32JVSS,,18w,Compliant,1,W25Q32JVSSIQ-ND,,,,,,,,,,,,,,,Tube,,,,,,,,,,,,,,,0.89,,,,,,,,,,,,,,,2617,,,,,,,,,,,,,,,1,,,,,,,,,,,,,,,https://octopart.com/click/track?c=1&country=AR&ct=offers&ppid=65166935&sid=459&sig=021b15f&vpid=243074761&ai4=706,,,,,,,,,,,,,,,Digi-Key,W25Q32JVSSIQ-ND,Tube,0.89,0.89,0.89,2617,1,https://octopart.com/click/track?c=1&country=AR&ct=offers&ppid=65166935&sid=459&sig=021b15f&vpid=243074761&ai4=706,
1,TPS62162DSGT,Texas Instruments,TPS62162DSGT,https://octopart.com/tps62162dsgt-texas+instruments-21221368,,,AP63203WU,Production (Last Updated: 22 hours ago),6w,Compliant,1,296-29897-1-ND,,,2323561,2323561,,,595-TPS62162DSGT,,28AH5988,,,,,TPS62162DSGT,Cut Tape,,,Cut Tape,Cut Tape,,,Tape & Reel,,Cut Tape,,,,,,1.94,,,2.0768667255741593,1.597656770070563,,,1.84,,2.5,,,,,,14360,,,0,0,,,1668,,0,,,,,500,1,,,1,1,,,1,,1,,,,,7,https://octopart.com/click/track?country=AR&ct=offers&ppid=21221368&sid=459&sig=084c648&vpid=44468154&ai4=706,,,https://octopart.com/click/track?c=1&country=AR&ct=offers&ppid=21221368&sid=11744&sig=0308da4&vpid=547751571&ai4=706,https://octopart.com/click/track?c=1&country=AR&ct=offers&ppid=21221368&sid=819&sig=01e9225&vpid=547775637&ai4=706,,,https://octopart.com/click/track?country=AR&ct=offers&ppid=21221368&sid=2401&sig=0ef36b3&vpid=46616275&ai4=706,,https://octopart.com/click/track?c=1&country=AR&ct=offers&ppid=21221368&sid=2402&sig=068815b&vpid=578997273&ai4=706,,,,,https://octopart.com/click/track?country=AR&ct=offers&ppid=21221368&sid=5489&sig=07cea2b&vpid=700494089&ai4=706,Arrow Electronics,TPS62162DSGT,Cut Tape,1.0123,1.0123,1.0123,500,1,https://octopart.com/click/track?country=AR&ct=offers&ppid=21221368&sid=1106&sig=0d37dce&vpid=486221710&ai4=706,
1,TPS62163DSGT,Texas Instruments,TPS62163DSGT,https://octopart.com/tps62163dsgt-texas+instruments-21221929,,,AP63205WU,Production (Last Updated: 22 hours ago),12w,Compliant,1,296-30228-1-ND,,,3122982,3122982,,,595-TPS62163DSGT,,28AH5990,8256949,,,,,Cut Tape,,,Cut Tape,Cut Tape,,,Tape & Reel,,Cut Tape,,,,,,1.94,,,2.0768667255741593,2.0040782291236012,,,1.84,,1.83,,,,,,258,,,408,423,,,593,,343,70,,,,,1,,,1,1,,,1,,1,5,,,,,https://octopart.com/click/track?country=AR&ct=offers&ppid=21221929&sid=459&sig=06d9226&vpid=45940106&ai4=706,,,https://octopart.com/click/track?country=AR&ct=offers&ppid=21221929&sid=11744&sig=0aa7bc2&vpid=576403595&ai4=706,https://octopart.com/click/track?country=AR&ct=offers&ppid=21221929&sid=819&sig=0d40933&vpid=575370060&ai4=706,,,https://octopart.com/click/track?country=AR&ct=offers&ppid=21221929&sid=2401&sig=06032ec&vpid=54321280&ai4=706,,https://octopart.com/click/track?country=AR&ct=offers&ppid=21221929&sid=2402&sig=0536df7&vpid=578997277&ai4=706,https://octopart.com/click/track?country=AR&ct=offers&ppid=21221929&sid=10022&sig=040e445&vpid=199171377&ai4=706,,,,,Texas Instruments,TPS62163DSGT,Cut Tape,1.391,1.391,1.391,6153,1,https://octopart.com/click/track?country=AR&ct=offers&ppid=21221929&sid=27219&sig=05a3e96&vpid=510090183&ai4=706,
3,MAX40200AUK+T,Maxim Integrated,MAX40200AUK+T,https://octopart.com/max40200auk%2Bt-maxim+integrated-82367300,,,MAX40200AUK,Production (Last Updated: 1 month ago),14w,Non-Compliant,3,MAX40200AUK+TCT-ND,MAX40200AUK+T,MAX40200AUK+T,3404609,3404609,4105340,,700-MAX40200AUK+T,MAX40200AUK+T,69AH0940,1923037,,MAX40200AUK+T,,,Cut Tape,,,Cut Tape,Cut Tape,Cut Tape,,Tape & Reel,,Cut Tape,,,,,,0.95,,,0.6192838963530221,0.5213406302335521,0.93,,0.89,,0.89,,,0.7,,,47578,0,0,0,0,29222,,90057,23430,0,0,,2162,,,1,2500,2500,1,1,1,,1,2500,1,10,,1,,,https://octopart.com/click/track?country=AR&ct=offers&ppid=82367300&sid=459&sig=023bdd1&vpid=444556505&ai4=706,https://octopart.com/click/track?c=1&country=AR&ct=offers&ppid=82367300&sid=5822&sig=0b783a5&vpid=438682417&ai4=706,https://octopart.com/click/track?c=1&country=AR&ct=offers&ppid=82367300&sid=15544&sig=00b3e95&vpid=465527115&ai4=706,https://octopart.com/click/track?c=1&country=AR&ct=offers&ppid=82367300&sid=11744&sig=0642c61&vpid=617826020&ai4=706,https://octopart.com/click/track?c=1&country=AR&ct=offers&ppid=82367300&sid=819&sig=03a1a11&vpid=617772738&ai4=706,https://octopart.com/click/track?country=AR&ct=offers&ppid=82367300&sid=2454&sig=08cdeec&vpid=502777962&ai4=706,,https://octopart.com/click/track?country=AR&ct=offers&ppid=82367300&sid=2401&sig=093223a&vpid=430023829&ai4=706,https://octopart.com/click/track?country=AR&ct=offers&ppid=82367300&sid=11310&sig=0bb2c33&vpid=452726843&ai4=706,https://octopart.com/click/track?c=1&country=AR&ct=offers&ppid=82367300&sid=2402&sig=0146018&vpid=619748657&ai4=706,https://octopart.com/click/track?c=1&country=AR&ct=offers&ppid=82367300&sid=10022&sig=014468b&vpid=591112880&ai4=706,,https://octopart.com/click/track?country=AR&ct=offers&ppid=82367300&sid=1532&sig=0ffb3e0&vpid=550601538&ai4=706,,,Farnell,3404609,Cut Tape,0.5213406302335521,1.5640218907006564,1.5640218907006564,0,1,https://octopart.com/click/track?c=1&country=AR&ct=offers&ppid=82367300&sid=819&sig=03a1a11&vpid=617772738&ai4=706,
1,STM32F042F4P6,STMicroelectronics,STM32F042F4P6,https://octopart.com/stm32f042f4p6-stmicroelectronics-34084829,,,STM32F042F6,Production (Last Updated: 8 months ago),52w,Compliant,1,497-17343-ND,STM32F042F4P6,STM32F042F4P6,2469548,2469548,,,511-STM32F042F4P6,,26Y5846,8607491P,,STM32F042F4P6,,,Tube,,,,,,,Tube,,,,,,,,2.77,,,2.7263595924809874,3.0691827425039766,,,2.3,,,,,1.9,,,0,0,4,0,0,,,0,,0,0,,0,,,1,74,74,1,1,,,1,,1480,5,,1,,,https://octopart.com/click/track?c=1&country=AR&ct=offers&ppid=34084829&sid=459&sig=08119e5&vpid=438816130&ai4=706,https://octopart.com/click/track?c=1&country=AR&ct=offers&ppid=34084829&sid=5822&sig=0c85c9a&vpid=176298572&ai4=706,https://octopart.com/click/track?country=AR&ct=offers&ppid=34084829&sid=15544&sig=033b189&vpid=265731108&ai4=706,https://octopart.com/click/track?c=1&country=AR&ct=offers&ppid=34084829&sid=11744&sig=005e3b1&vpid=190471471&ai4=706,https://octopart.com/click/track?c=1&country=AR&ct=offers&ppid=34084829&sid=819&sig=0d2b5b4&vpid=209386395&ai4=706,,,https://octopart.com/click/track?c=1&country=AR&ct=offers&ppid=34084829&sid=2401&sig=0239d9d&vpid=193859804&ai4=706,,https://octopart.com/click/track?c=1&country=AR&ct=offers&ppid=34084829&sid=2402&sig=0c2cd44&vpid=227900588&ai4=706,https://octopart.com/click/track?c=1&country=AR&ct=offers&ppid=34084829&sid=10022&sig=06f1161&vpid=437573927&ai4=706,,https://octopart.com/click/track?country=AR&ct=offers&ppid=34084829&sid=1532&sig=072f3b2&vpid=578682482&ai4=706,,,TME,STM32F042F4P6,,1.9,1.9,1.9,0,1,https://octopart.com/click/track?country=AR&ct=offers&ppid=34084829&sid=1532&sig=072f3b2&vpid=578682482&ai4=706,
1,LAN8742AI-CZ-ND,Microchip,LAN8742AI-CZ,https://octopart.com/lan8742ai-cz-microchip-29030588,,,LAN8742A,Production (Last Updated: 2 months ago),7w,Compliant,1,LAN8742AI-CZ-ND,LAN8742AI-CZ,LAN8742AI-CZ,,,8039090,C153279,579-LAN8742AI-CZ,LAN8742AI-CZ,15AC3149,7990183P,,LAN8742AI-CZ,,LAN8742AI-CZ,Tray,,,,,Tray,Tray,Tray,,,,,,,,1.56,,,,,,2.8258,1.56,,,,,2.57,,,0,0,60,,,0,197,0,0,0,1040,,36,,172,1,980,490,,,490,1,1,490,980,5,,1,,12,https://octopart.com/click/track?c=1&country=AR&ct=offers&ppid=29030588&sid=459&sig=0312397&vpid=77893581&ai4=706,https://octopart.com/click/track?c=1&country=AR&ct=offers&ppid=29030588&sid=5822&sig=07065df&vpid=76588015&ai4=706,https://octopart.com/click/track?country=AR&ct=offers&ppid=29030588&sid=15544&sig=05da6db&vpid=263376344&ai4=706,,,https://octopart.com/click/track?c=1&country=AR&ct=offers&ppid=29030588&sid=2454&sig=02231f2&vpid=109852771&ai4=706,https://octopart.com/click/track?country=AR&ct=offers&ppid=29030588&sid=27971&sig=07653e2&vpid=460544263&ai4=706,https://octopart.com/click/track?country=AR&ct=offers&ppid=29030588&sid=2401&sig=0c36643&vpid=90514550&ai4=706,https://octopart.com/click/track?c=1&country=AR&ct=offers&ppid=29030588&sid=11310&sig=0d4730b&vpid=459515725&ai4=706,https://octopart.com/click/track?c=1&country=AR&ct=offers&ppid=29030588&sid=2402&sig=01bb651&vpid=508651894&ai4=706,https://octopart.com/click/track?country=AR&ct=offers&ppid=29030588&sid=10022&sig=01f17d4&vpid=437507241&ai4=706,,https://octopart.com/click/track?country=AR&ct=offers&ppid=29030588&sid=1532&sig=0384f3e&vpid=97292997&ai4=706,,https://octopart.com/click/track?country=AR&ct=offers&ppid=29030588&sid=5489&sig=03216df&vpid=658538646&ai4=706,Mouser,579-LAN8742AI-CZ,Tray,1.56,1.56,1.56,0,1,https://octopart.com/click/track?country=AR&ct=offers&ppid=29030588&sid=2401&sig=0c36643&vpid=90514550&ai4=706,
1,AH-32.768KDZB-T,TXC,AH-32.768KDZB-T,https://octopart.com/ah-32.768kdzb-t-txc-30515386,,,Crystal 32.768KHz 3215,Production (Last Updated: 7 months ago),25w,Compliant,1,887-2478-1-ND,,,,,1068445,,717-AH-32.768KDZB-T,,51Y6175,,,,,,Cut Tape,,,,,Tape & Reel,,Tape & Reel,,,,,,,,0.82,,,,,,,0.83,,,,,,,,2726,,,,,0,,2014,,0,,,,,,1,,,,,3000,,1,,3000,,,,,,https://octopart.com/click/track?country=AR&ct=offers&ppid=30515386&sid=459&sig=0b5e339&vpid=90532977&ai4=706,,,,,https://octopart.com/click/track?c=1&country=AR&ct=offers&ppid=30515386&sid=2454&sig=0654583&vpid=416947164&ai4=706,,https://octopart.com/click/track?country=AR&ct=offers&ppid=30515386&sid=2401&sig=09efe9c&vpid=447632577&ai4=706,,https://octopart.com/click/track?c=1&country=AR&ct=offers&ppid=30515386&sid=2402&sig=089038f&vpid=217426011&ai4=706,,,,,,Digi-Key,887-2478-1-ND,Cut Tape,0.82,0.82,0.82,2726,1,https://octopart.com/click/track?country=AR&ct=offers&ppid=30515386&sid=459&sig=0b5e339&vpid=90532977&ai4=706,
1,NX5032GA-8.000M-STD-CSU-1,NDK,NX5032GA-8.000M-STD-CSU-1,https://octopart.com/nx5032ga-8.000m-std-csu-1-ndk-12765780,,,Crystal 8MHz 3215,,12w,Compliant,1,644-1132-1-ND,,,,,,,344-NX5032GA8MCSU1,,,1847981,,,,,Cut Tape,,,,,,,Tape & Reel,,,,,,,,0.69,,,,,,,0.66,,,,,,,,750,,,,,,,0,,,0,,,,,1,,,,,,,1,,,5,,,,,https://octopart.com/click/track?country=AR&ct=offers&ppid=12765780&sid=459&sig=08050bd&vpid=232651483&ai4=706,,,,,,,https://octopart.com/click/track?c=1&country=AR&ct=offers&ppid=12765780&sid=2401&sig=00a7c7e&vpid=502853634&ai4=706,,,https://octopart.com/click/track?c=1&country=AR&ct=offers&ppid=12765780&sid=10022&sig=090ad39&vpid=576757821&ai4=706,,,,,Mouser,344-NX5032GA8MCSU1,Tape & Reel,0.66,0.66,0.66,0,1,https://octopart.com/click/track?c=1&country=AR&ct=offers&ppid=12765780&sid=2401&sig=00a7c7e&vpid=502853634&ai4=706,
1,XLH526025.000000I,Renesas,XLH526025.000000I,https://octopart.com/xlh526025.000000i-renesas-106939648,,,Crystal 25MHz 3215,,14w,,1,631-1310-ND,,XLH526025.000000I,3381392,3381392,7079016,,972-LH526025.000000I,,66AH7726,,,,,,Strip,,,,,Tape & Reel,,Tape & Reel,,,,,,,,1.2,,,1.6765978657362306,1.7518166338493018,,,1.13,,1.13,,,,,,1093,,0,844,844,0,,1306,,844,,,,,,1,,1000,1,1,1000,,1,,1,,,,,,https://octopart.com/click/track?country=AR&ct=offers&ppid=106939648&sid=459&sig=000fcec&vpid=599803385&ai4=706,,https://octopart.com/click/track?c=1&country=AR&ct=offers&ppid=106939648&sid=15544&sig=06d1bbb&vpid=600098253&ai4=706,https://octopart.com/click/track?country=AR&ct=offers&ppid=106939648&sid=11744&sig=0cd12bc&vpid=616957707&ai4=706,https://octopart.com/click/track?country=AR&ct=offers&ppid=106939648&sid=819&sig=05f003b&vpid=614103346&ai4=706,https://octopart.com/click/track?c=1&country=AR&ct=offers&ppid=106939648&sid=2454&sig=04d3eac&vpid=657147577&ai4=706,,https://octopart.com/click/track?country=AR&ct=offers&ppid=106939648&sid=2401&sig=052c210&vpid=600887934&ai4=706,,https://octopart.com/click/track?country=AR&ct=offers&ppid=106939648&sid=2402&sig=06dfbdb&vpid=614833371&ai4=706,,,,,,Mouser,972-LH526025.000000I,Tape & Reel,1.13,1.13,1.13,1306,1,https://octopart.com/click/track?country=AR&ct=offers&ppid=106939648&sid=2401&sig=052c210&vpid=600887934&ai4=706,